{"count":1,"self":130.81217279999998,"total":518.1193118,"children":{"InitializeActuators":{"count":22,"self":0.0009881,"total":0.0009881,"children":null},"InitializeSensors":{"count":22,"self":0.0020025999999999998,"total":0.0020025999999999998,"children":null},"AgentSendState":{"count":159834,"self":15.1815856,"total":79.811148199999991,"children":{"CollectObservations":{"count":703274,"self":2.4332408,"total":2.4332409,"children":null},"CollectDiscreteActionMasks":{"count":703274,"self":1.3884241,"total":1.3884241,"children":null},"RequestDecision":{"count":703274,"self":8.307352,"total":60.8078972,"children":{"AgentInfo.ToProto":{"count":671307,"self":4.0625956,"total":50.8921007,"children":{"GenerateSensorData":{"count":671307,"self":14.092151999999999,"total":46.8295052,"children":{"RayPerceptionSensor.Perceive":{"count":1342614,"self":32.7373536,"total":32.7373525,"children":null}}}}},"RayPerceptionSensor.Perceive":{"count":63934,"self":1.6084448,"total":1.6084448,"children":null}}}}},"DecideAction":{"count":159834,"self":303.64049919999997,"total":303.6405076,"children":null},"AgentAct":{"count":159834,"self":3.714104,"total":3.7141037999999997,"children":null},"AgentInfo.ToProto":{"count":1314,"self":0.0210203,"total":0.13411119999999999,"children":{"GenerateSensorData":{"count":1314,"self":0.0356365,"total":0.1130909,"children":{"RayPerceptionSensor.Perceive":{"count":2628,"self":0.077454399999999993,"total":0.077454399999999993,"children":null}}}}},"RayPerceptionSensor.Perceive":{"count":140,"self":0.0032792999999999997,"total":0.0032792999999999997,"children":null}},"gauges":{"KartAgent.CumulativeReward":{"count":1384,"max":-1.41828394,"min":-2.25385857,"runningAverage":-1.47514057,"value":-1.4552834,"weightedAverage":-1.45870245}},"metadata":{"timer_format_version":"0.1.0","start_time_seconds":"1661737712","unity_version":"2019.4.40f1","command_line_arguments":"C:\\Program Files\\Unity\\Hub\\Editor\\2019.4.40f1\\Editor\\Unity.exe -projectpath C:\\Users\\Administrator\\Desktop\\Karts -useHub -hubIPC -cloudEnvironment production -licensingIpc LicenseClient-Administrator -hubSessionId a009e140-2737-11ed-9b67-9d4ac9f24741","communication_protocol_version":"1.2.0","com.unity.ml-agents_version":"1.5.0-preview","scene_name":"World","end_time_seconds":"1661738230"}}